source,target,amount,currency
SGCM73972149216141,BTET25274330892937,599.38,USD
FSTL86771645235480,UZVL66043455741843,461.81,USD
SFYY14582825403931,ULOG09279475230358,208.32,MAD
EKFA61362951834938,HNIT55270532388534,847.21,BTC
QWPK70282130836649,CUGX75509798288041,445.13,CAD
WJNU95904936099934,YSPL52149616210339,490.62,INR
KWQK26274858510978,MRJF34843351176263,275.07,USD
EAYX34816971537796,EJGT20313617843254,341.9,CNY
YOUZ10366097339134,MWHA55731780625344,487.75,AUD
KVLA33638453453811,JHUX41000353239058,406.37,MAD
DXJF89325739715555,PWXU84436635308497,1192.1,JPY
ERIQ47831654416626,BUND25604251132989,481.14,BTC
MSXG28869641652739,WKBN08149078010669,1172.87,BTC
GJKT88598621931391,ZYIB75536972534517,520.34,BTC
CWOD46626061174340,YSVG44893656068340,771.04,CAD
DQKR73488553705760,VHIX88466570660606,564.82,AUD
RKYY00679223369615,KXKZ28578711451685,1168.67,EUR
QTRU00845111128903,PUMD09414785177908,415.59,AUD
RZVJ49004494249423,WFVR25703823406243,1067.44,EUR
MKCW97087177215808,OAHF25088690712862,758.44,JPY
KIPZ54184613978543,OOSH49626850897015,740.41,CAD
LONL14676457404770,RMMK17268595425278,667.31,BTC
QYAT25776577030162,KUCH36678760061070,495.41,BTC
FCXK36037008447142,KIKL41223456333033,1122.75,USD
MRIX42664197760623,BBQH60141514385407,822.59,JPY
KEVJ35855862263469,UTXJ91974288750199,344.13,INR
QBMW90528153907232,NWVE99949424205797,1130.15,USD
CWIQ92599005996118,WUGA76092733073490,103.99,JPY
PBMY51731752244600,WREK92067731940992,455.22,INR
GWSG95245177998932,FDUB80529360877621,98.16,CAD
YJBK47072956390597,KUHI93463999854477,432.52,CNY
FMBE29507647730465,JEWZ15463789424656,980.95,YER
EDKZ06007688226093,URRK15112045749441,658.0,JPY
WHMJ19450477419257,HTDO91400739980734,989.75,EUR
JGXF65320296884500,OYHS34430430086867,676.4,EUR
LQDL01801371598959,AYRG12612230971164,976.41,BTC
WSJG02726557846637,FRUE95087704815189,977.56,CAD
GUYP87940734964090,ZSHA36045108864521,129.12,INR
GODW20990580250660,QPDK64152926493603,162.86,BTC
OQLX35788840494891,OVOJ29252238349149,135.88,BTC
FKGP94793025241674,NOVD55177984303828,411.39,CNY
WNDP29567539164484,SZBK63721535235100,164.13,YER
UGYU37187282340950,EBGG90321360717737,1074.77,USD
IDLU88432162539725,HEKS71865935125369,914.2,USD
VWSZ71444222365922,UYSG03620721565349,509.98,CNY
AKAM43245086705212,DAUD15494402598398,399.91,CAD
WARZ25146205699632,PAVB56145986658037,270.63,INR
EJOE25012231613924,WOMJ24159591596398,626.36,CAD
NYTJ91231336177741,AHOU95371008413842,654.75,JPY
YDJP53674623999049,NZQT60488338039550,56.07,INR
LSSM97938186345382,NYRP39785778517804,652.51,AUD
DJFX75193338242821,ZNYF01745326252582,822.16,MAD
NFFA91040107809834,OKLO76591318642277,323.13,YER
MIFJ21128597639622,SACK17126167326902,290.16,CNY
JUES75342888951145,XYCZ02599535991650,1095.64,JPY
HTVV73372413686200,FKHL65216288948700,934.87,INR
POWT02447308715157,NATC22990197929632,449.38,JPY
FCVX90656297643760,VPYZ99430124860270,1075.73,JPY
GGOS34190428931655,YMUA03643012023378,224.12,CNY
GMXY21053099255074,VRRH57154855628289,507.82,MAD
ZBWD29914740770625,TKBD91858734623185,509.34,MAD
CHLJ75757949385707,JQUT56713366679829,462.04,CNY
MUYC89558507819349,QLPP63332460167873,195.23,YER
MBIQ73993144966856,QLUP11015279555665,951.53,MAD
LPCC67143157317895,RDXF08200984624796,230.04,AUD
XYIG08807444623584,STXD56452146044305,107.92,AUD
DVNU93639522400486,YYDE20502799064123,881.66,YER
RZQV35062012094189,XBCN32001690322316,364.69,JPY
JFMK10583617987212,HOJD03569218543519,161.88,MAD
NSYC99959822195426,SFAX30785857793380,783.23,MAD
SLAK41681340005507,KWSF23471335248951,674.54,INR
HDAF04360418908763,CZKU83107495626526,494.74,BTC
VCBM66474857908660,EBSO75442869002669,707.5,CNY
YUCH37225862374092,VQOF37443733234058,105.16,JPY
YOKS13429758285181,GHDX11512039796173,646.98,AUD
NKSF98590761714907,GAUE96987006756739,383.26,EUR
UZHR14131504380870,PJEE20988319658191,101.17,BTC
ZLHF28343493078841,BUEW71430759111461,1182.72,AUD
JRTJ20425196137558,NLSQ13726897354427,300.27,CNY
FVFT91982054441541,IVXI79583803355676,739.76,INR
SOSQ51635960018698,KHFL58353383940801,697.44,AUD
EHHU00475926321348,NSWW49713362543283,98.69,CNY
ERTD88673819125336,KRNG47469793332908,1185.32,JPY
SYWK92330565709136,JIJQ93515947819808,698.65,JPY
DBUP94935355534342,RAAB02282558765561,779.8,YER
PRFG08998051555289,ZSBX85409742390826,437.03,MAD
AJTI12087957482266,NCGX62002335129058,1120.02,JPY
MLJR36915570350071,AIMX26382652285108,1021.58,INR
EMEF71255272254678,LHVH02700738657051,1161.93,EUR
ZIDQ68978159530618,HSTO89569473795130,753.52,EUR
JSMS30498087847666,PNNZ89286213687330,809.6,CAD
IQNC88195067086526,YXIK48187427456111,541.24,JPY
TTOU78381138411534,FYRA03187084304577,761.27,MAD
YGAF32699037743129,NRRQ04306609562548,818.53,INR
NVZW69499204811824,WSDV48036902755305,519.82,CAD
CXSR23761439163217,BGJX87589966701328,510.41,JPY
UMWY77585580916141,LXUD49399853042105,891.17,YER
LJEV17625127318625,QYIB26215203611301,374.05,BTC
UMXB13661690328140,XBHK90963787907227,1187.62,INR
TIZE88902066543959,DXOA61484167345707,1124.78,BTC
PAJK22836598150967,PTTT05631217863845,864.95,USD
IJWO47399405992012,WIJN21672778478162,510.61,EUR
BAVI96275143862462,PJES08497806834320,480.46,YER
JOEZ36019901103188,PFFN97015608429617,447.95,JPY
EOKK84703775250417,EDTE30767854159140,296.6,AUD
TZYW47998486643636,INNX18458805234546,219.19,JPY
QBXE80842054229401,YEBT80231856361370,302.92,BTC
DYDB08706176206678,BENA27768136626620,628.64,JPY
AEQB06575538780010,FXBA42100477248039,999.03,AUD
KENQ79466078694725,QEBM90856790354976,654.51,EUR
WOWX30991312058214,MOLG62690356735113,191.88,USD
QDJW82438311457541,ZLAE79955846840672,120.44,YER
PQOW57649042978814,KTNE37898735458125,1096.14,BTC
CAZE12127339551328,QWJB32122886508143,1028.5,EUR
FNRA49647563513456,MSEC83675227323746,394.31,CAD
JNCF52226914658836,DIAC84465015148256,1007.51,USD
HWDF30394124245454,EZOL32029004493052,280.23,YER
HKNC29299945178319,NUPT46674115788892,103.98,YER
NIGY80186288550961,KFYY20699369922981,1197.43,JPY
WZKB60223493005097,MSNU95696166513887,1033.89,INR
THOA84580028521433,NKUW23339918357887,611.34,AUD
YNEN45261559968057,JMQZ30929735045814,424.83,USD
CUHA15021767362986,MRUU63044153376269,65.34,CNY
BIEX99096965152827,DTUZ06757438690312,266.8,CAD
GQOI28751051680419,DSWZ53392375587232,53.68,MAD
KRRK93966554137720,VWTZ60636121131931,1185.51,CAD
IBYT78013180786871,PQJJ91585120124996,435.54,MAD
DKMG31404768352674,VEEU58239567211333,481.43,EUR
EDSU54666504709158,JNUW42776109350245,814.69,BTC
HASE54333513928825,PBPD96376165226608,806.46,YER
SIPI07835449654024,FBDK57710110803082,1007.5,AUD
TYVX56717755367583,LXLH66291583139959,180.8,MAD
IZHX67564783604700,ONPL03296893002215,420.8,MAD
BYZB17129289849457,GWTH38460553178478,135.2,JPY
BYJG21652651763360,APOR09265459218192,851.6,JPY
BZYX81830170481265,HGEG14600270759999,383.42,USD
COUQ79006609437971,GCDF33998722398591,767.82,YER
LSHF85770270269984,NHLG36526430392393,780.84,BTC
VEWF43082929506245,LHWD85299747864375,867.05,BTC
RKHX13974992177357,WSNZ08799832864915,808.85,MAD
MULF87741902287063,GMKA55619548596684,316.89,JPY
FIQF71682624959776,XYQE62882287953519,371.36,BTC
VVGY36235758644376,BQNQ00061344759806,100.2,EUR
YWTX69121734996798,VMWT19060530445426,1182.65,CAD
MJUG16196758248582,OAJG74841832890118,934.34,EUR
ZLOX37335118762316,YMCW92618172677284,1189.44,JPY
ZXKO00440077384929,OEUZ83202809567173,547.83,YER
SWNQ39425238852326,EABE17845226946925,543.61,INR
ZJSB58363442211377,ICZH90885308686919,969.76,AUD
XFGW57476417105199,QFAT60682487559295,263.98,MAD
WILD90545624962906,ZWFH84764157973626,80.41,EUR
FSOY75959745546333,LSYS87449910925136,430.26,YER
YWTR69836645724965,SFZM55999638595239,223.0,AUD
IJRH72931354377453,ILWF63339724970702,793.32,AUD
ZEUO02509093219209,TCKT76981102301492,850.33,YER
AUJR67963046269701,SADN18661382023259,214.54,INR
NNFA63822625511541,HWSA14997614444553,650.51,USD
AJJX67609230253712,SLYP78824867811168,324.75,CAD
EMMM92113308369901,PWNO47836672872746,747.89,YER
ASPA69316259220886,DKOL18384408721069,515.55,BTC
TPCM09799584875784,CLWV91775611962522,877.34,CAD
AVFJ67431193945543,ISXA14576107299599,747.7,CAD
KYJJ35793850047956,GHIM31734275545554,277.45,YER
NMRN77627048608256,VDOH42021615520467,1097.36,MAD
ZIGU71804095680450,VYBZ98659162697580,585.94,BTC
UFQT88467598030050,TDDL12883337649470,83.61,JPY
YLIX97470990002506,NRRB34842620979794,660.18,INR
FQRZ09199798563514,PUUJ29150985106840,1175.55,BTC
AOEY11503027825305,TANZ26633873428177,419.44,BTC
FUNC80150492399282,WEKK77268608504582,275.24,INR
JRZQ24458848317660,ZUYZ66767545763700,845.98,MAD
SGJH52009115285946,TVTR95635579894724,252.45,CNY
TPRN05407001618844,LIQL39491096722114,153.59,USD
JHDW23306721655483,EIBS77450003957558,745.67,MAD
CMWB92782724922105,NFAO36964115630570,985.21,AUD
AQOE77970170581394,UOKJ87575854943819,625.47,USD
ILIQ39522784721238,LHSJ26847055400565,235.53,MAD
TRMX61566651705867,LYUI94053657201446,1122.32,INR
QRLD38186431807064,QAOK73188026436791,697.68,AUD
FHMU51496645365390,YVJD42196156132162,773.15,CNY
JBMC96352785988060,XFBF57539856958041,299.99,USD
JRLI73386867688715,JTAR46036871722323,486.22,AUD
VGBH98499470169697,TTDF35628972952319,214.09,CNY
KSUT45879145506283,MUSL38751024204029,1050.47,JPY
BKAZ23917690066038,VQOL83584301576469,101.14,CAD
CDRF50026706853550,BFRQ04690769014247,837.74,MAD
FSLK22544097641856,BDCB83299052396481,821.88,USD
MGGX97624300600762,KIUM98875207310309,559.77,INR
SCES64702544794461,WHDA78667210651109,878.37,JPY
PIFQ12426403033694,GJBG23445307773143,610.24,CAD
YQDZ73933775308910,RKFE92724838552376,898.9,AUD
KRBW56559928871858,YZCS64677399157932,305.83,BTC
DSTJ88830224456475,EJJY56380541694329,247.27,CAD
YTOM49165455675698,RSEJ97119423380903,344.78,INR
MOBX31856835374897,QCXQ96213076755895,629.82,BTC
BQND70607765812430,XXTD37396845061658,850.07,INR
LCOU06310870106581,UJLT69142253286493,1062.08,YER
MGAY91511146795059,DXUN23117702614369,759.02,INR
IFPH03716258308075,DBWB63581673680029,372.76,CNY
ZAHR18307172418432,DSLW39791347672440,864.26,MAD
QZAK29068890816616,JBSB50599082090583,238.47,USD
MQCE11529774919983,JUOA64165265754011,744.32,CNY
NUPP72132095177635,DYDF21923168547562,1187.21,INR
BWFC69599050908646,HCHP97876048062441,1041.06,JPY
KUVS23760341918473,UERE10808847148394,518.5,EUR
NYVZ70327981474783,RRRH35664859110361,861.03,CAD
ZNXJ53232447823883,FSZH27638615778439,1057.19,YER
UWPE85266693733493,XVOU73292276011492,233.39,INR
PUSE27730028691777,ILOT10299320920504,919.14,USD
JZDY95203968601412,RRSL87782172473337,100.25,YER
RKFL37682875912288,SCRL98217858038769,687.3,CNY
SOEM31793362971988,VBFI83785481286760,927.44,INR
CHLB12423902951979,RGAY71024175250606,414.76,YER
FPPO29683259278448,EPML97729501814590,1190.04,BTC
GKAY82069430062563,SKIY18986812185083,1165.99,JPY
IKLB43893750049587,XCOW80157372876459,320.98,MAD
UGBI06180654222131,QKJC74287063551001,423.35,USD
DLRD45796070602236,OGBC88877945084194,606.09,INR
IWLK27326965329963,NKFV80042595939956,638.67,BTC
QZCN57141616496014,PJUS55823617607376,305.63,YER
JCFI73295592040032,EQPQ77834417799622,983.96,EUR
KRHL50974553558687,AKPY13042704193131,613.89,AUD
TQEJ86346576517689,RDGE75470808453194,724.32,EUR
YHEN66037808179637,KXWP00833869268075,653.93,YER
DEJP21383836610316,MUGJ05999557731346,293.09,MAD
DHJZ87220967207456,XOBC24866782602232,529.41,MAD
MRGJ04127273375612,NDVA44919690152613,949.86,YER
LXGV43954427800367,GBZO29831082690314,176.32,EUR
WFTX72839727548065,EJCV53702103536621,363.22,MAD
LUOD35261357950215,MXPM03599204930974,621.81,EUR
LVBU33490929384998,YYQI53940913486819,344.37,INR
CRAT77135944636120,UOUG21646549840809,275.08,JPY
UEMS07897812327933,XMHR76212251272984,147.22,EUR
WKCQ93244223093488,XVSP11915768840742,634.01,BTC
KDIL80308620423794,QHZW08727138950331,741.25,JPY
MJSR28036043197033,JRIK99833996883514,1135.11,MAD
NFNP35665179973516,KAON13663829248389,1085.72,USD
BJQA38671516953009,JRZN97045245030352,1056.18,CNY
ZXID43070225820653,KVLN44889196082487,668.36,INR
RNMB06632567036581,GYKU09455536223962,148.51,JPY
ZZGX75297869264050,DXZD07125269727569,188.23,BTC
PRIR33537130616058,FCZX82838720026305,204.27,MAD
QJAB64630712232592,DNOJ41979774468647,542.8,AUD
UZEG69550779047915,IEBF20758307702391,407.7,USD
NHBK59325384500179,VVQL29103272496794,413.78,CAD
PTEJ08406377834871,QWJP44724408700874,1085.99,MAD
EAOP19624105995072,EGDO83792147422563,317.55,EUR
WUAR04538509628444,ZPIY24503105216555,1002.57,CAD
SFVG42970794817188,NQRQ01874268682375,883.95,CNY
CSMD49967996912577,FCQM74318997960620,1140.9,CAD
UVJW28653313165136,UFKR75598688814260,796.41,USD
WSOV54138439919490,HRBV08135866506160,762.14,CNY
EVIQ18539755020500,PPBL66554877984041,862.24,INR
SUUH11671946914898,YCTC13503459944457,842.61,AUD
YUFQ16405837254245,RZHM29706756643134,452.74,JPY
CBWZ55035541532935,BFFH37806444715933,75.29,YER
GMBO85388753711880,LMKX74594451003983,298.42,MAD
UVEJ78573332343644,OBQU88663643684723,1096.92,AUD
VOAI29395341433229,NVID92326209215974,1032.19,BTC
JMFT11577382586818,KFWD02322054209761,80.96,YER
KIVO04218245055402,TABN83148327680778,406.9,BTC
UHDM07167486846901,IAXB72657748769074,417.09,MAD
ZGTG15732675360134,XOJT24009517031485,419.43,EUR
YTIH78365762250845,ANQP33325638820079,1141.84,CAD
NWZT44114898543679,DYIX92627982689836,802.18,USD
YNVW40887334750782,RDZD51656106865801,862.73,AUD
JWTJ76580581582662,OASO23180399460367,636.88,USD
TVFJ24873025356590,EDYF73444507806559,68.2,CNY
ORJN86033151620343,UEDK27717661421063,243.0,CAD
QBRX83673688299457,PTMT36230224471570,196.33,BTC
BURO08214247843399,WDJQ70821659658288,1147.47,CAD
MBHA90303626052559,FFQR85695159068652,440.81,MAD
IBXS49361915976065,DNUA13704983885764,692.02,AUD
GNFY42354503543361,KCSN24982806201291,227.0,CAD
LTEB53428293098601,SPKF56813578045532,362.94,JPY
XEDD65230608524115,OAZS58194118915565,828.41,CAD
BTTW26985112204597,QLGJ68907582198798,658.44,MAD
OUCR46965883778421,VGBO52005579241123,209.4,JPY
IPUE96928487646311,CQMM63348702341253,1113.41,MAD
TKUG32249064909496,NGGS68323923173639,218.11,BTC
MRST85603361263299,ZDXG53638480928614,58.56,USD
ADUS32071749805087,VBQQ76815468487829,352.08,AUD
FHPX61161560715730,IKDL77115401609383,739.67,AUD
NTTM27993720464714,EHXK61694755988740,649.48,INR
VASW84794334365780,QTXV54273359037670,1048.16,INR
EJXU98075000494975,QVAT55913987317104,527.17,CNY
HCKQ46495562347750,TICE47969198773862,136.21,YER
MCJG06890209695605,LJUN22764177090760,161.1,CAD
XPLT57881980766354,PZUZ60445775435528,915.8,CNY
YJCS32141134961673,ETQT96207065627558,1191.9,BTC
PSVP84913734501619,KBKR21987967553782,570.04,YER
DKDP03752681140365,CAIS20310335716523,1044.99,BTC
JKHM07699338400558,IHFX76723225966027,1054.58,JPY
FIPU93444076706209,GHLR28412891652057,297.1,YER
QADF34818651533613,PMBC50536224005757,284.73,BTC
KQER04748789931832,ZCOW45725925079083,536.11,INR
ZJRQ23457651886609,MEHG25698853462265,876.46,CNY
FHGV58357857077396,AGCT52703062451793,207.74,CNY
KPKL35797439327255,JVVF38391243160544,1006.59,MAD
VFVA02575824376900,JYZO24740688707134,687.74,MAD
OPIC48125205780051,CHPV82139148562708,982.0,INR
AUCZ33007694941468,KJXR26975210495475,1137.87,EUR
WIQW64075456020678,NHSV48409728680013,453.75,INR
QQCK79643885323342,PXXY06142583925300,1185.37,AUD
CHHE65975739134445,NBSP20134111843211,127.62,INR
AKZJ44489100414003,VOIQ12259361670135,794.13,BTC
LCCC36694811125211,BFLO21932149766508,441.06,INR
GEIC59974859179990,ZKLQ16508153320510,1002.26,JPY
KDXN38301095058813,ZDHM62443189046309,127.61,INR
QDVY90432518765607,ZPMB24279868948959,66.93,USD
AVSH95766380577703,VPZR95795991349031,863.96,BTC
ODAL73064954274973,MYBI89513502227993,451.28,INR
EHVE41526031294484,QIEI19307623578811,741.27,CNY
NKNG73978492543853,IGYQ46417782936802,909.27,YER
PWGD33015957187531,EBHJ43945879755898,1133.84,EUR
RDGT83335677174831,INGY25679399216376,307.53,AUD
GVJP80749341471407,ACIZ62487339291487,397.16,EUR
IMYS88396028310569,FJEW00319299853117,239.72,CAD
GELK00708189251432,RYGZ17329244369221,1062.83,USD
WSWL41228603855154,RXOB81619535381087,659.58,CNY
QOCG08265107554948,IJRL88689122064561,509.41,AUD
VHID21472586212631,ZLWY00850497126290,738.17,YER
EVRZ30510304848862,SDIC33159204175206,122.01,CAD
OVYV01617430077889,PDRS59976831146110,144.03,AUD
WNNQ53966910060145,MUQW22709197094136,1076.38,AUD
OMEL93548132881234,QNET64945919349112,181.87,INR
ZUQP74795488341067,RLVT75695696888013,679.75,INR
UQNT74709372150927,XLTG53251956678754,401.59,YER
OOWD00657489128879,SCYR00010147072079,270.35,CNY
XXMR75869052704897,PTGQ84048487555872,1188.84,JPY
PMQS83040208372967,HASK86089199041100,691.38,INR
ZKVQ51634017315242,YCTS92484033702061,854.14,CNY
MBDR02788589920538,DYFF27941480680740,554.59,AUD
HWGH71073462766380,DHNF29803001815857,420.53,YER
ITEO73590713001649,AZUO60440307779534,287.88,MAD
PPGU00518414817539,UPFE75392360089991,1071.1,MAD
RDPC36800835701529,PQCC04334134675601,553.5,CNY
GLDY05304163068449,FYNK17648305481819,292.47,CAD
VQXN60753158484422,BEKL46179139886358,1181.72,MAD
FDTC51992455277320,CWOK39400374000297,318.09,USD
MXHO35951773700735,TMID88654483628294,995.18,USD
BZAW34350095818299,KWNN99069949844017,1134.41,USD
BRGD01840943853340,XZIT09339720907538,843.63,MAD
ZRZJ74342320308569,NCOY23209064576112,349.74,JPY
EFBG10668906021548,FUZC10621243012077,895.86,AUD
VKRM01066738202909,BIMZ94638931257926,582.53,YER
WIQY18082051050934,UXSS81817080962238,906.15,CNY
ZVIC34599205813535,SZQQ43634106044796,438.98,EUR
PYJT62273361828898,DRVR70486780229365,104.23,CNY
TWWL97685079237366,JJXT36967649923652,761.03,INR
JOJG53893523222014,WNXF88468905853648,579.44,INR
DQXI50510867502635,TGQB77952060565787,795.86,AUD
VOYV10046626582541,VRFZ59663190103869,1011.54,AUD
XQRM18480157956081,MQKN32946896632605,241.76,YER
WFQQ95127990204474,OAXJ44153180765483,603.46,MAD
MFYB24465630211025,BZLF87309620896724,534.29,BTC
EPAO89929229223283,ZHPW49455809512588,737.65,EUR
FXXK44304955754935,IDWC37950788924477,584.36,BTC
XAFK15969300169910,IQHS91192286713800,369.43,USD
SNJF78131324922628,IFMP80214472201325,362.58,INR
MBHT38450015381689,QNPL46483839090727,377.68,CAD
SUOO12263131826630,ZTEO03790872547959,298.18,JPY
VMID93375144812090,YSUF89063158839251,1028.67,JPY
BRZJ81525531982418,WXFJ17615427291941,1114.2,YER
BVCG17746115726933,NHBC21933570450819,229.31,MAD
JXEB09730029086053,PNVP40035167174043,697.72,YER
FFKZ70210838854185,ZJTF54152748533252,1074.91,CNY
YHJB24851322462856,FQWO67454614486003,1040.67,JPY
YLFM67434258834638,TJGV59516674758345,333.14,JPY
FMOL69580248487226,NTBB90492710642138,1150.55,BTC
GUGM04863082903269,MXRV52028754074108,807.33,EUR
QCLW83044937407908,MZPA20351299428154,1045.46,EUR
WKBN12742360103352,FCFZ18130501230786,494.08,JPY
AYYA42560587743423,FAJI84653898890641,168.82,USD
FFZA22566677995414,SWQV16952439369994,1067.73,INR
QSXX56458164214693,NWAE24734259548375,918.64,AUD
FXLV59798959000802,PHCU47641907074501,1098.03,JPY
POYG24113525492865,BZOP41697908645247,913.43,USD
BAGF81234776595586,JWNM48028953957799,900.21,USD
WIWA00095877379810,ZJRP42978415205227,979.22,JPY
EKLL57285622227874,ZEOB66825390038588,1099.73,AUD
TIAM42514653521067,VNOH77246304982223,118.52,JPY
MORQ03694236029299,ZMOL11240349708471,859.36,BTC
OQBZ66199614735418,XZPP02920449998641,1067.17,JPY
SNIB14114176025328,BXZX24851970334893,146.69,CAD
JHAL96902026679473,ZADI56009960165927,786.32,CAD
VXSD77775417942437,SVAP02917166292413,180.83,CNY
DJLX55142191577947,XCUH71588554967585,335.01,USD
XLDO12478007139088,BFUD35203479771607,694.03,CNY
HXPD04270827865303,RUTB85345710663624,344.45,YER
WPQG70261307314395,JWQP71050799653546,223.93,YER
QZDZ69597883201312,PXNN34261952513188,137.88,MAD
INGE55845869657569,HRSC47237275850225,550.3,EUR
THFO18339030829632,RCQP32065518179874,1092.83,MAD
EVFF18441730524936,VNQF69876142228256,1090.32,MAD
SZSF12462977339329,PQGY62793306576449,408.54,CNY
MSZA83907634380095,ZBKT44103006215485,133.39,AUD
EJQX12896105585540,DVQT31643865479246,200.04,YER
LDJO48571143558644,VENL72599129348173,1023.28,CAD
NBYN42433780822734,WYNL83933877787882,815.11,USD
GWTT10521320444592,LIGM12875116194961,1119.28,MAD
QPAB35723284899273,PUAS21712583750725,495.47,MAD
GKPP32265528711238,LMBZ88143134519636,595.49,CAD
SKGV54111968423861,GFPQ14634946514721,153.37,YER
XWQA05941382677120,JXTH42085133097008,927.64,YER
YTJZ72403359119952,GBNR55474440204954,873.34,CAD
MINC79019914060779,JOET39426252414749,277.35,YER
TYAF44210373169808,ECLU01955099493138,179.75,USD
NROC76462220931034,VATO13088920438114,444.69,CAD
OPID83968124297908,THKX69379268938890,1029.35,AUD
AOLR00126146987467,TOHA01152708579581,633.04,YER
MRNA23526663768202,FYVL66407388940204,954.21,AUD
XOXK44733266676849,UTYR81065586549629,649.01,BTC
YKLY11372926490221,XAHA47848414666183,806.1,CAD
BPTD56631035834711,ALTO57760685767845,679.85,EUR
NLVG89926457467884,PHXX08901400064217,1052.66,JPY
OJFA46630916265672,FJDY83891368168931,96.56,USD
NOSD01417543565804,LEKI99539699671929,278.7,INR
BNJM00913550739375,PBNJ06137798963862,1002.4,USD
DDND02948061225983,VSOI62972080554142,606.28,AUD
MHFB19242991143664,GHWR58741789920283,64.25,USD
VPER39800031536607,KPIU78069967475038,679.19,USD
GYIZ11471960369849,OWAJ65151305040856,255.41,MAD
ZOIU62501841266940,DRNF26023596750778,470.33,USD
ZTVC19812988271657,MANU16796938503589,433.92,EUR
DSFO58934101715971,LBMK34077392531614,362.22,BTC
FMSV64059453153462,KXFZ45342126154212,66.85,CNY
UYAA41145129351744,WRWB37755769569082,163.34,BTC
RYTF43957096307607,DJYS12058261352147,1085.07,AUD
RWNV70806777443238,ZXHK58976177319299,584.54,INR
JRGN45442793801756,VPRW30451153874684,125.22,CNY
AYMO80959454544295,AMIE40162072365986,630.85,EUR
GRCF34714538825400,UVNB35053231172521,76.47,AUD
OOXH03322842845602,RHDH66105552468643,496.7,CAD
CQLJ83814142778330,OBEE70902181388953,741.87,JPY
RKSK32799185425371,ECVQ77356089910272,367.96,YER
YZOE70884004641896,KKAB03041505542035,378.26,YER
OBOR48996035082229,RKPL84644547904940,594.36,JPY
IIBK89368686308052,ZZPY42078064753023,317.97,USD
ZNCT98459971788633,QVIL83719147889261,1042.44,MAD
ZERS00534236368662,CNOQ55038796749379,711.15,JPY
IAVD66127266190066,BYAJ15286855651776,624.34,CAD
YPBI75973236604757,TEOY06543447287075,191.41,USD
TTLZ96158190334245,LXPR19768674020696,1108.56,USD
HKNT75609274481942,GJVC47467637652848,615.42,MAD
ZVPE44543037108534,CDLX49643434460140,1198.73,YER
ZTEC70825691285764,DKXL00789435755091,358.79,INR
WFUT78919083741403,TVKO46211100117286,958.58,MAD
XAUL03911933757432,WIGI45648802386898,1119.61,CNY
RLVK15317450300336,EQXV59828130740742,1182.81,EUR
VYZE90276631621342,EGBJ00336877275527,644.18,USD
HKNS27929981759963,QTNT24672532153194,350.19,INR
STWK30497187780286,OLBC64040637067386,557.07,AUD
UKCA79514951261716,FFNY12016434695439,385.94,CNY
FJFQ42960383425421,ROES28366733771924,224.74,JPY
AHJC62077039074084,LIQJ24684600670194,449.34,EUR
SEFC45806328107592,GOYD65023988663926,1116.95,BTC
IMZW76381522055759,BINC67849225006194,1068.43,JPY
JQQY34487882791825,PBLG70636741103703,901.33,USD
MWBI22545099340336,GPVF24561594784183,294.9,YER
NMNE99630844143380,OKGC92788070047968,262.72,JPY
XQFA45726195906745,PIIO52535971284058,1071.99,USD
IZEF97456411587323,WXSQ29402681585610,222.35,INR
MRCI48317765276425,LPKG36905179476818,1065.45,USD
CNIX82703456643338,NUUB67965791174548,138.26,EUR
TCKM97151894828224,WOLA15710448136082,827.93,EUR
HWDZ55433342967467,CKWZ16566991978077,1155.71,MAD
HVQS78917003384059,KQLT44109695909947,1079.88,MAD
FBLI09112673700069,TSAA46288799696229,911.28,BTC
DIEU04428765127771,ONQX16403823174796,283.53,CNY
XIOM33093929418352,VPAT73035538000911,684.07,EUR
JMVO69908045457719,JQVZ41601947995644,788.13,MAD
NJBU69259240850558,NRKY26247807707397,765.62,YER
HCBS91691089543113,CNAY77389735288174,393.72,USD
AOAF51626057161902,AUVP27165922271786,656.52,AUD
WKZZ78773708692309,WBNZ40284974298879,553.2,EUR
GBUV76419176946256,KQAT97287719703639,1054.21,AUD
GQXK40800870330502,MZDE75880612895762,1190.34,INR
RFNA18235556782729,LNEX74834879343584,1122.79,MAD
KQKE78784221766710,WEXB22906607935661,785.4,BTC
OGNF37724008033293,EYYJ96494799099540,724.1,INR
AHYS34190873187106,RUCS09484958145286,523.05,USD
JWWU20402230703625,LCIJ38666294924305,228.7,INR
UYRD89012592413939,SOPO18602301132806,503.82,YER
VKAN22868792500317,JSZJ41941144024111,396.75,CNY
DCJJ74152782927868,BJSD37351571938127,251.75,AUD
RQWT79179646623434,ARTO48875849122509,918.75,INR
HFDQ36568240700092,FAJK93301861393049,1049.14,CAD
PKIA20900571688562,ZNWC46320753527576,780.71,AUD
ICCJ27077946906482,HDNR89577826924070,528.63,CNY
MZIT37980084320534,MZAI45408945433136,600.77,INR
IOME73148203504387,HOTR71438579645269,216.69,CNY
YTLP55628472502117,QNHK86987545754739,415.18,USD
GDTN78947297482616,HIJX58611443329547,382.95,AUD
QYWL76449369045174,ETAD12673931437132,946.38,EUR
PRAF31442392813888,EUKV54478346177124,160.94,CAD
XEPL48694060600723,TGJZ30111566560869,280.37,CNY
AFJC21972031065892,TUWX97320920478087,142.65,CAD
EIFL98985284571636,YKSC38034803896548,546.23,YER
YJRY26746498595018,NTMZ55011322787124,592.46,INR
EKUZ18598665884779,LODP65467230016151,1072.08,USD
PVCL94433780024908,VKNG04777721967618,1081.02,USD
VXRK53746448945410,NFFE21275527427913,628.57,BTC
LJDD47855836242038,NDQU58271010955320,685.3,BTC
UXQA39957263215046,VWJG80567369717169,450.64,USD
QRJW95323716782008,VWAR29110902891255,439.81,USD
GSYG35777795702573,GTZS95236789970211,637.86,EUR
CPUA98435891375086,SHRX80510712354882,178.1,INR
UFEL73104054093434,LGYC00638390575561,756.0,CNY
NLCD82915585520839,EIZM29283104439065,673.59,USD
CHQR48849613276709,SWZW40583621895276,286.06,CAD
NHYF53537316226081,GOGI17529057791589,651.96,BTC
RPPC52311810544916,SXVY71737388165291,1107.57,USD
KCGI80238300648662,PUAS32847482499361,1131.46,MAD
XGJR51778331279434,HOKH62072578825782,105.51,YER
CLJU22149926558660,AUVX43260974921281,318.84,BTC
NCUX27294886924843,QSGV06053592051015,854.67,EUR
GSDB25547792194792,RRRX59548221133110,540.58,CAD
NRYO17675510719964,XFNG50887725185755,535.14,USD
NJGL49820134591189,UBLW64603029946229,1096.95,JPY
FSOW81197212293824,YHFN19076563456378,249.65,AUD
YUUI15706850374259,GWPF24209992880657,536.43,CNY
QANO13761810441054,TGBY77036484643961,107.54,USD
SUDN34543543019261,OVTD43245917748233,191.8,MAD
FLPD87858367862240,TOLQ89429741859117,1012.68,CNY
CMUX11010732997403,LWAY34707114732558,1045.18,EUR
YKQB47287419468650,XCVK14711411100576,229.72,EUR
HEXN31698346872431,WXEJ74377910098192,310.07,USD
TFKK60647966182277,XDGW83896518201451,208.11,MAD
FRAX82091122398702,VWYL93604122289090,761.02,USD
KBKR95400136336021,SMQS37275054977147,363.02,CNY
HFFK64178552411122,LFCU22869316299047,490.68,YER
EPMG84406759725842,JUCF20081621054641,435.44,YER
XWUD65778330125417,QAAB27703639850714,446.23,AUD
NXZO30006368990684,WJIB20034254158651,1043.17,JPY
EWLB59900455489722,TPCF71660087963139,332.83,CNY
RAHL67612833740983,YKID46900105061760,240.62,JPY
NWQT60925412880196,RDUF58830057994798,849.49,JPY
SXHS25971586635720,BPLR51691238265618,1123.22,EUR
DVNT17476939641107,PKYN10150695451321,154.98,AUD
EEAC79401129387033,GGYC06139771341047,1176.75,INR
TJKO13814487050120,EVCX31140112320456,421.95,CAD
OPPI87500192645300,GUFO73919603873405,101.85,MAD
YEIR63261773301374,WTAL18897389289017,314.07,YER
MUGY00808183397765,ZDVV03306836765433,664.77,YER
UHTP55585494273298,YHPT82943379615018,914.12,MAD
UXBD87350870997840,FFKE17951989142805,458.36,JPY
AWFD92303129821513,CHWE29359529840571,771.91,YER
SROM05326106001144,LCNQ65560047259348,168.3,EUR
ISUA69070245122256,UBCN90001533591695,787.72,CAD
OFTF23020866938679,UZPY36728691606349,295.89,USD
TGZN92396186150852,APGI05564287649431,630.25,CNY
IEJW61157108728857,DTGT44993251343748,630.29,BTC
NXXZ79907614319026,SPXP08265502741766,1181.75,MAD
NMCH20458849268106,TIZC16050774116401,1015.26,EUR
QHTI45959823972775,ZRTC12024823299760,617.7,CAD
UPPV59548124334063,KXWT33681246349052,760.59,INR
DXZF75809774878046,QVXO18725002788718,217.54,INR
ZVBB31491859406349,HGCD77718251417452,810.4,BTC
DUZB33231905889678,TVEB58243841336590,176.69,AUD
OXYK96867214160509,APXV47866781002551,693.3,YER
OXWC05585825045896,YJRU75311873486262,160.05,EUR
IRKK42870907767151,XPIB78840488686144,211.22,YER
ARKC62546163775319,ZUXI54062727986707,782.59,CAD
NVPF27081024206351,PHAE11964347616749,1055.47,AUD
CTTM01927674354722,TZBP03384180594437,1015.83,MAD
XMJS88667669230854,URBI79194686758356,626.55,CNY
JCVV41939049738949,TUVS83661308380018,244.75,USD
LJFA68185250351552,WNXD80072755340702,488.07,CNY
ZNXC80345023754507,GMDG89754302364454,765.15,INR
FANV46529418870127,RXYF23012324790158,956.55,JPY
MEOF45230672918953,UOLW49564077135590,1037.63,YER
TLYS72047525606173,MKCM96502138503604,1092.59,USD
UHSV76504997434205,MXAH56837858202960,1043.92,BTC
PIBG55737381585675,OIQV95630204034763,83.49,INR
PKLA58526129813487,TOEN30159782523074,345.48,USD
PHNR67034046122863,UEDV41845547569158,747.35,JPY
VSAD12271606335266,JGJQ17822920792498,430.33,USD
CWUS21274048761331,XVZE30237763046193,383.76,CAD
CAOZ48651655641298,GFYX93260038051191,106.05,YER
ZTLI33141744919878,SFND12667680750562,421.07,JPY
WLRP78994510103463,KMHE53691781346931,992.66,JPY
GLBD68709417141071,XUWG98211386823467,52.46,YER
TSNA26510493475560,CJMY18045448508467,549.35,BTC
IBFK60511141416316,CSCN72094905435043,314.37,CNY
FGXL43741315411364,ZZFI51915872629294,720.13,BTC
BYTS94115342534147,TXUN68531021271529,87.16,CAD
LQMW04945414304979,ISUP74162684593555,609.94,AUD
CTLM21463961830076,RCEN06855272351909,916.94,JPY
UWGW16878971731346,EORW22437877676160,1123.41,AUD
AVJS83958325430152,DXNS75071235653125,422.46,MAD
DVDW62442224917541,NQEA33208501779661,107.95,YER
LTRH44912557416728,DYTB17782456402010,915.78,USD
LJNG26540158269170,ULRB58257065209066,105.48,EUR
MRGS54347900323090,JSPU21179150776081,1072.67,USD
DSFP58683605407443,HBMD18145602717557,112.92,INR
RFYU96029104271936,TIKQ98347167581452,875.53,CAD
OJQA78496979992342,SETI04597777634661,406.81,INR
LWNH52241809582157,ADKJ55321543576683,866.03,JPY
ULVB08809066568462,URVE17851621825183,563.16,AUD
AKRG46386667040909,AGVQ22609868616894,203.03,AUD
LIRW38434103391375,BFSQ68885387433774,813.78,CNY
VHZP48935841236709,BNIE46977257525672,617.67,CAD
DAKJ96605203870741,BBFR61293189782699,506.56,MAD
YJRO50357587433753,NFVT74489765477564,379.01,CAD
OXYE91204304529674,WONU65916015581858,1118.56,BTC
YLSP10532665307201,MRUH41377689267484,716.21,JPY
UQOI15623765671854,XSTI10029509546957,655.5,INR
OGIT88033278849616,GCSU12500054134662,435.79,MAD
ZZYX63322811497208,WTJL56007778789903,556.23,JPY
ENNI49782600452951,WIEQ41432252665761,447.42,USD
SHBW03146094744443,GRHK32633423702284,303.57,JPY
EBCO74238116296426,HMYC16846499458441,66.76,EUR
FWAK88009323401421,DMEY36101425687882,284.83,CNY
TKAD76172635202567,TEQN76446690607167,711.66,USD
LHBL28242930230963,DTYU06612536184371,891.37,CNY
SNTF26161145409446,ZWYU47872423484316,599.7,CNY
JWOO55499573239845,WDVQ48132391473958,1124.85,INR
UXBZ25621684942613,KQWN87738864037368,198.2,YER
PZGV34133256657407,WQVR61590944283883,844.44,EUR
YHFS51123312633166,KPXD00056339791625,807.04,CNY
MRJO00261250442454,ZCXG55648653527576,979.27,CNY
WWMY24082209693005,JHYF30677941338258,1197.24,CAD
ZUBH27839077005715,UCUH51962002980714,1186.55,JPY
WNEE55670164230210,PWAR63428513778930,335.17,CAD
VIEZ99469666155405,URFK25066829117928,845.48,BTC
SIEJ08032233355689,ZAOM87182969189754,932.72,AUD
CHCW72092336076254,EIMI22179646170924,459.15,MAD
WWMF50954843247112,SWKD70493039220257,658.67,INR
BQEO30659509725664,MZKS00040444083283,1045.41,EUR
KDAT00577029901616,GUKU34298644828823,492.12,INR
IIVY12069242154146,ECYF28080904911024,1164.76,CNY
EYFR09234304443820,JIDC21374374226395,858.95,AUD
PJUB62211835902181,JYWX56237359673695,371.35,BTC
KBHC80064452993595,APKM29675258570814,676.75,AUD
VFVN77099388491349,AVSE50135555881406,927.38,MAD
XUIO91937324278741,TGRO26710607008769,228.31,INR
ATIV12517179364009,NFQD23518929811369,72.96,YER
WCJI73381962201233,WBLE01372517833755,1109.48,CAD
FAFH48381900641208,PEHI76769527143558,206.02,CNY
CFXK86503566120884,TAAH51629125772223,1004.65,USD
RNZQ50890459842801,HOTW06532305961515,797.73,EUR
SHFA98408814713452,GXJU45247749732424,596.42,MAD
CFAH91032429224389,RQUS17057519122168,528.5,INR
MLVI48596365215928,GREG81149990648093,418.65,USD
HKBH91048667599926,WPAS09956070412386,1147.94,CNY
OVBA97307262725027,SVHY65853251602644,231.86,USD
CVOE25489118085576,DDGS89959964767895,1162.18,INR
WLCR44821221976203,QEAJ82286954965405,1046.16,EUR
GEQU29112217957646,XGVP90417975730163,1099.65,EUR
FFAI06685206708194,NQZV31803403671899,902.75,CNY
YIKU14671558400019,FKWM06427452645442,231.03,AUD
KIOW99198330118301,MUXH52923653077303,589.65,CAD
ANOD69899598569794,UORL61387024653116,213.28,AUD
ZGGT27630953879434,SBBV67354937057983,496.0,CNY
PCBT43709646939805,FBPZ73158535298523,59.56,JPY
PPWN92833752214877,XGTY31569087349589,132.02,EUR
TDIX97789514806631,LHLH56905239542365,969.57,INR
JPBJ11241350861229,SLMQ08711028370412,89.35,EUR
LRGQ72925550295695,LGFZ48771334010050,969.34,INR
YEEE31004688968546,WAMR30253716512344,145.31,YER
NEWE55806238612381,BTTQ33598665937569,367.5,INR
BJLN53833840479040,MIRZ62870087387894,626.48,CAD
VFMV39523026969883,QWWH34417980236610,669.14,BTC
LJSG38644030198365,LLPI61444811337577,1036.19,INR
WGWB28149632794635,AOIT65566039690351,721.54,EUR
IOTF78603505351581,LDYZ68890938758626,453.37,MAD
QWWM85633837090572,LKWL48798932783769,974.16,EUR
ASCZ04633416110665,JALG53601126406271,149.71,JPY
NQGJ19647386138538,NCYW64560930129333,217.8,BTC
MXDL31792652099511,FFWV50320609457128,892.29,AUD
NWOU53777258688687,VXDU64108692374309,1022.04,EUR
FHOG91638606262441,UNFQ01335975245001,1002.6,AUD
ORVJ89713765069584,FXUN60089565314226,917.56,AUD
KKDN52419493012449,PVKK93799949602569,807.03,MAD
EJFW19828435689985,XRWD30867211010425,989.93,BTC
UCNO55347082755291,VOLQ19341405481332,208.98,JPY
SCGX95326843127653,YDDC26305488456203,501.0,BTC
CCLY13033265930218,SHNK75006408744405,843.3,MAD
GUET52171395260984,WATK66328809156558,517.24,BTC
LQSY66009227098092,YWJP90207388051448,292.6,AUD
WUIP18124397655116,LUMA12756470009640,832.67,EUR
TLTL90744832380079,RIWW42551390065260,423.26,MAD
CKJQ38268495153366,MBGJ86425830869934,901.56,EUR
LKWF29386449752418,SHKM99782340069287,93.22,YER
EIUE09577599416240,LHRD63912880390712,1102.25,YER
RZSS91629317910222,EQPO90127283134909,918.18,YER
IEBM45546863466441,RTGN25815983582024,114.92,AUD
FCPG43122393794319,VQCQ38677185017956,756.33,CNY
NBQR96393110640294,LDLG22632948247807,766.66,EUR
RRFQ86839086360945,OQTA81445353215721,456.3,BTC
ZDWI73961874731488,ZZRK14407186404772,449.65,CNY
EOOB17782932297731,ZUKU57397610085080,1189.93,AUD
PELL18686966260290,KYWK56698852569620,713.76,YER
IYAJ46492417415061,DWQJ34151205820053,1165.7,USD
MZXJ35694159938050,LLMC18239457990708,448.91,USD
UDGA31611105634487,CKOX32858097722599,396.71,CNY
DQAE44214449922518,GBXR61373471082140,631.7,BTC
GVYH69632519328879,LLZQ15202434767172,1149.8,CNY
VJOV62097695766561,WIPX05726693124879,674.27,JPY
XGDY72152045058847,FDNX53242113707181,315.28,BTC
WSTF77730444847427,UWOQ08840747241022,533.67,INR
YOML08664982725159,BOWG69938748588461,127.0,INR
LDXG35225327319506,XAIQ11443612581653,1168.19,USD
OXHO23529959304312,YYEJ42829108903914,633.47,USD
EFGZ63077402162198,KWET36638030436520,862.95,JPY
VLKF39889269606538,DUFI42192085511902,121.23,MAD
UZQZ85930507622582,SBMC91943943029039,494.12,JPY
AIUH16094557750598,RGCT02157885730618,1140.84,MAD
KLNT25176722876323,AVUT94918754825471,859.21,USD
JYJH38536942897492,INVS91381556521996,304.56,USD
JWPN63635625612070,UMFA62575128421461,225.11,USD
GSBG45392601244993,IUCK22983272406217,482.45,CAD
MZWY43924916459700,ZZQN19244123496099,530.2,CAD
AUSG20492649242530,ZHWU89444811185361,1088.94,AUD
HKOP96046199360021,RHQA76541366096525,240.95,JPY
AMQP51929380172874,LGCG67510438363861,475.75,JPY
PVSG52223088689145,ZYTA93132982231522,897.8,BTC
EIKB49515507746073,QURI41472425665575,1185.29,EUR
KLFY96725690716610,SCNY89323221728821,701.13,INR
VTPW76731487265736,BZWQ79489895734975,507.53,INR
FTPJ52789187601961,KEOS21898021934153,898.49,BTC
RBXR46413246346149,QAJD14846537987137,802.54,MAD
CDPN17255684927001,XQZR25810595112817,1013.68,INR
XTYV35081984023145,INPM52980503366817,1046.41,CAD
MNME97925487714375,WXQD35497408519448,213.02,USD
SFMN86275749169105,WVWA32160427104492,304.09,CNY
ZXQJ53841803913710,XJUI26153484987735,409.56,INR
WZOT70791102221440,NJDK96150082394782,481.22,USD
CEXC95841280747905,JQJT12219026747169,147.19,INR
RAQZ42655155086189,YDCV25051750052367,607.13,BTC
LXGO42503651774169,GFFV78933969046737,364.36,EUR
SFCH42718550523954,IIOM29968098901628,795.51,EUR
ZKIS18495547694639,QXPF82243664320698,278.18,EUR
SUXF02131282681944,OPCF52650909625639,748.49,EUR
GYKK71308645235011,IKNM76638994427824,1058.55,BTC
UULK36321881090739,PISS06702173639052,175.31,EUR
PVPS94359530681142,GRNC15731948585649,647.28,YER
XTWL13257566803504,HGSK50496797824637,782.23,CNY
OBTK66725512189433,DYEN71038713203444,119.81,CAD
XQNO09963187924755,GUXB01103755481543,247.39,INR
XGDD48135895804595,ZRVI50464609873943,696.14,USD
ZPTF65378247940573,DGZI94865996363363,635.69,YER
SQIC38976334239504,KEXE99360329213660,1196.18,CNY
CBXW96593832757564,ZCFH87740754279540,1015.28,USD
LGZV73938784126679,TAXQ91296257329853,84.66,INR
NCTD36839322225993,MYAZ45087343424187,910.51,CNY
GZPN06574726703993,APZT11105401165191,862.21,INR
UUHN94596344324155,SALU47483470439981,957.12,JPY
LKKD85160522020219,WBDM58169486336121,740.19,BTC
RPDE54058965316014,TORN92143642747962,884.48,USD
UUGU54316089378181,BLZT24651859559041,742.48,EUR
DXSX64869863591733,UHWM47901930832961,610.01,MAD
TOQF10484177947731,FIGV81631684413226,435.31,EUR
CWPT02275947997306,ESIR44779577388476,553.2,CAD
SQKY00213548876441,VBVZ73091876461598,910.8,YER
KWPE13033286559991,ASUT06803362041834,101.36,EUR
WJUE66128091934926,HOZJ10682072567657,1073.52,BTC
ARWC89068267930709,LKXM80319472244184,1118.83,CAD
ZTLO90604730788566,FRAR29494475716114,259.43,USD
AODR78988107251887,VWRM27430752701612,745.56,MAD
KSZT76731342761115,QBGH51017722389177,816.95,AUD
PSCD28400073029089,YPHE14072170717354,964.54,CNY
AXQX36520310162130,FXVX44554068060998,213.53,CNY
JGAP14990470966969,LLKN81696202257316,98.83,CAD
WBLS05458808520937,PEIS79636518230991,906.72,JPY
MQFK46948176728480,IUBZ29747403290240,1004.82,MAD
YEZV20556655393041,NCZI55630216375432,384.63,USD
EJSF37430122120467,GQDE97940724335143,1177.28,BTC
YTKG41292565727297,NANF43173027946084,811.74,BTC
KLEZ07647687748509,VHMJ51614540212043,473.12,CNY
CFLC17547236877508,POLE58510231392311,337.87,CAD
INDV28777368062923,MAYS15389040460619,408.35,INR
APSU93297469747404,IGXK92061441318214,83.29,USD
CVFP29276159889077,IHGC01854848514776,1112.49,USD
QBKD78191670521905,XMLT30306330574252,847.51,EUR
VDKU31234015834478,QKQK61407201461846,1007.43,AUD
WRUI34612600810888,CSYW08769640365249,511.34,CNY
YOWG40380801778708,TNOO73077456152805,798.13,CNY
FVQO14943235169505,KWBH29113166402652,231.21,BTC
SBEV25807179292080,YTCF02482915431019,1079.05,EUR
YREQ69438768308486,OBMF84080398463875,1007.2,MAD
OSAA26597409582122,ROPA49144496672920,514.57,AUD
NEWD12430850505963,PHEA52309378430490,1000.91,INR
BZMG60610730754198,DNDH56537289921001,122.44,INR
IJHJ82504261695778,XMCG27825965067576,456.51,CAD
OKPC24124382304373,TSIO54651323182308,1199.56,USD
YANV85326944690611,VHYK60381496346981,541.16,INR
FIHL98168293256268,QUXK56242123342821,848.65,AUD
XERF03191687709848,GYQF45858199799954,250.61,CAD
XYSK06318472754146,PXPD94997649657650,430.98,AUD
EEKK02583441219995,KBSA93738715072769,440.98,BTC
YSYP49371234251118,KAME22608036375969,733.85,EUR
ZLKV06970793700100,CATQ96865925545955,393.73,USD
RUEW78287349443816,XSYF81488416994733,696.38,JPY
QMDD40175724800140,FHGU60603173838512,685.33,CAD
UBVM16717939556184,DRIO43600740083200,598.28,MAD
JOAC69840171817282,NGTQ11342070065437,239.72,USD
BGMG81740916135353,QEXN91424649401219,519.43,EUR
EJWI51703082933386,PKSU00856616269671,285.24,JPY
AMBY80078965230975,FTZB60904003956144,570.92,EUR
XBRC38353300340590,TGFU52869128475683,1167.0,MAD
KIID35751717051916,DLMJ41782081338537,838.53,CAD
HONA72165015831784,IIMD20112138406602,641.47,CNY
ERLJ16532444918388,BTKF21625956638993,1113.12,USD
HDGK47950108626607,LXIS70305073287070,1160.7,EUR
QOSS58189351902356,IZSR25233352582283,508.42,JPY
LQPD25583563729960,SGIY62056297662260,1095.34,BTC
HBHE41377737373358,QDWC93040701560368,563.58,USD
WPEI94501051841812,VVUG65628900260958,1123.99,BTC
MXTB96715381453291,ZYIX49826173419710,74.16,YER
IGAQ97643200187191,RWRL93718523234474,99.72,YER
KHSJ76055397848682,IVNL64705746746070,120.22,BTC
KYGG26534621470315,LBUV55370751609296,1053.19,YER
GEVN64275015889813,TDTE12342920336022,976.73,MAD
GKJR46362608466657,UDGG09724822375345,377.01,EUR
ZKRL75815577010361,YGTV06047568066056,158.37,MAD
HKBT03469095672848,GECY30733196372458,1159.14,USD
WWDJ87000262312469,RMYF82445397604666,349.07,MAD
DKKH81409747644152,LHMY25736579614784,457.67,AUD
BGDW38432031622997,HSTQ16316360300267,905.28,BTC
QXCG33737502437693,HUCR37945409070251,143.7,JPY
LIVD55287742303786,ZGBV35038655503931,1087.88,USD
QPIL38668960055301,JUUH52671807363402,155.63,BTC
JFXM49831797929413,DGXY51823955175046,448.85,JPY
WYTY63360765654852,XDDC91595480817691,638.58,USD
FSLH84317913369050,KOML37641540346475,905.1,BTC
ZPSJ12664979628498,JKPG76550994925749,456.48,INR
ZVTG08021671696362,ZYIX01214912456951,610.2,EUR
FTDD66928308380108,XTII34143596773149,208.97,MAD
YIVS09420837131616,MKQJ24182092949765,569.98,EUR
SFIN52755951684834,DAZQ42093871761351,582.05,YER
XQCI59368160532209,JKDI39938775917955,869.46,JPY
XIRI83701110129350,VIHM99415605778489,427.67,AUD
XKTI16882579987589,DYLQ10512289432748,469.57,BTC
KIJS73836078139558,YMEQ16211840805470,916.2,YER
XMMR45380005256090,MWYS77450266969179,452.93,JPY
RZOG49135306202269,HDGD24434072505396,690.24,EUR
CXSL75293463349284,UBCF13818112411282,1153.83,CNY
VWJY37416578638619,JWAK97590178122326,974.7,CAD
OZPY90798604335004,RNEH70346969960904,384.31,BTC
QKXX21548819448038,DWCY13103996413403,458.68,AUD
UMPL52898640629271,SSZM45255171347978,747.52,BTC
WMMB95368877093648,UZKB09563508916370,204.71,YER
OTPV26467939901079,RZJW36015446960448,526.5,CNY
LGJM77059648242088,CTJP07150192792904,747.12,JPY
MTYV69150670674753,BSOO96564108429283,416.75,YER
LQON20214926007620,ZUVQ74291161428890,80.79,JPY
GVPK66287644426800,CZJV39143026876115,997.31,MAD
BGCV53564214630243,KTHF58698664989880,1086.47,CAD
YSFM34881506763874,BQZF12301393616379,818.6,MAD
JVNJ13364261741146,HENK51553967747244,349.5,CNY
MGAY26818076628215,XMMX18311755291315,354.88,CNY
PBBX73386954861057,UUNQ90665460207651,798.26,EUR
QSFB38992013255858,SVXN19109166382616,675.53,CNY
LMWU89566026748866,VNWZ74016500070304,633.37,BTC
DCFA96930770088623,SHFC09177249246492,210.16,MAD
JLBQ18721277025401,FLQF20426244202842,479.21,BTC
LKTG64195626662085,LMVU74638431079818,969.64,BTC
MTUV52818347260681,ZJRE38691847049676,225.89,CNY
YIXB64403775658280,XFVA64007201998997,1194.45,MAD
BHKE79865207750862,BPID98110301204711,706.84,USD
MLBH01600560076445,PBUY33105717313986,91.92,AUD
TQLO85327616871553,RFYX36136314359364,417.23,YER
ICYA26078116446172,NMGJ39866282378366,885.55,YER
UVGS19455760511363,EIJC86186086853721,1107.0,EUR
VVXF37848645961570,FERO35008962015734,957.51,USD
ZNJD31661896582987,OLVI26280565382720,377.7,INR
RURP15488462041227,YCSR18253573388732,1083.52,MAD
NHBK78884003620420,CIRA69122671396475,652.21,JPY
FAIO75322504887916,FZEW89027402336213,416.1,YER
ISBB44227336757776,MMAL84618044806329,89.35,CAD
YWKH98886818663382,ICGC04824482235768,1087.78,AUD
EVIG97163136060201,VUTR00320100356862,1084.36,INR
BYEE46459449447963,UZOE70656859103618,200.53,INR
NJBH99420609311236,TINU20646981068593,1002.74,INR
MFUI25257113129359,OYUW57191495988161,1158.44,INR
MIUX58260913453892,HKJV30060445451508,1174.53,CAD
WIYD10440974411520,TFZN55162700272038,469.74,JPY
STGO40995910775175,FCVU04946932440707,489.87,USD
OAQI15447739327977,MDMQ89149856813840,79.93,CAD
OVTW54461491928563,ZEPA79404381846319,459.96,JPY
EZFH22267987437001,UUOI56328177945526,894.98,USD
RXRA72642764317178,YBRH89409238040561,620.63,CNY
TFGM83247007880646,WMZD66320396769864,794.02,JPY
UJPJ69242940066764,GVPG27193994803766,921.95,JPY
IXNX12651227657011,NIFR53494737885063,170.03,YER
XJMI45907335476298,DMLE75404944613632,494.66,INR
UVJW80933878213191,PHTA08989224742524,978.89,AUD
UKJI30833717616176,WWSS64868819864195,964.57,USD
SNHX38234765023136,INPF94864672207208,406.21,AUD
ZTFQ44143231330231,BMCY05420792163824,635.85,INR
ZKDU28386070259457,NJGI03177422165542,298.48,INR
REDN92646126112694,KPYJ47331043055239,602.05,CAD
YQBN59113172884247,WTXQ03243545781966,773.13,YER
HARV42527322247121,WVRM58426991599290,434.37,MAD
WEZO15742761020943,NJUO62452451467937,947.16,BTC
AGJY45593231003470,QUHG33600322512902,158.33,USD
ZNJH87771251290290,SVZK82954959448666,1096.37,MAD
PRGK79480564856864,HBYJ29888680334717,815.65,CNY
LDTC42197800321809,JQMH74532686239166,792.37,CAD
KRYE46427317668607,OMZN59174762182985,1143.75,USD
BZDK24071842836211,HDIO88886691351307,193.38,AUD
BKSN32450830719396,RSQA55286634865166,108.9,JPY
HLLZ75991428630576,DRDF35404746699523,85.15,YER
XJBT13745655245198,RWPL63292218997944,123.26,CAD
YJUG52958843241605,JUBU60623493165151,956.31,MAD
OBXQ02917421376087,PYNP36934238711335,1146.93,CNY
SGVU24200094703717,BOLM47850150356323,928.78,AUD
ETCF92833830214987,YMJV99345573274766,1091.06,EUR
PFHF17194323819175,ZJWR60810584603503,513.14,BTC
QALB05834811968426,TQFY09783705732947,282.11,CNY
BMZK40999642314853,KQSJ04324330176589,337.56,MAD
DJHQ83957115533485,LJKC93704759385745,842.52,USD
GUKX41894491351770,RLXT80024540641986,91.06,EUR
TZMU18582250880516,JDNH50893500970036,472.79,BTC
VDPF97332553196412,IMDN69536269209126,411.08,CAD
QPAE63026374054573,PIQU62930042727181,574.18,AUD
EYBW93024976690107,JWKN48623604884369,654.79,BTC
QBIE60276595504810,MQOC58664150214408,113.4,EUR
QDRS13119501503996,QIWL55196254215968,1129.61,JPY
NFZE38823234469212,VVUI36239550316885,420.28,EUR
AQEP48237681979172,UKLU09857998576268,304.33,CNY
GAQF53891127515337,KKRH57094968664390,1154.52,JPY
MMXB86908146072206,SZDL58070053706391,465.37,BTC
LCUN31433734812491,AOZA30026356855864,574.29,INR
UQGA47794756489198,DDSP15513150307454,339.31,BTC
EYIY78107139307897,TFKG83319431842113,953.87,USD
XGDZ83694907364611,XBLI23016543076418,616.93,BTC
BSAQ26242483749195,YGEP61529539544358,1103.83,EUR
XEUO48728691789873,CSZY01175143946872,880.74,JPY
SWFJ07376096389611,RKOC96130313289812,578.43,USD
UIVJ83867874719683,GJXC57466498521177,827.06,BTC
CGNQ54684223551619,TIML59574182694275,145.77,EUR
BNTB05475141370558,ZTOC88990973301304,443.02,EUR
LBHH74952509811898,VCOX85559410346982,1001.86,AUD
XLBI10740785979164,TZRF50666696675739,81.7,MAD
UGJF63944391127082,RJFV40064349971752,852.91,YER
WYKF50927933825836,PEUR01258234332833,204.08,CAD
JNPN93223480627287,UFHF12544017866418,610.52,JPY
HPIH79830934460486,OXXO29636853270355,973.6,MAD
YLSF88622345872943,OYDY49641302981851,977.95,CAD
LWHW35486300419459,AFJF71045540245863,1186.02,BTC
SDSW33734890438964,CFCW47558329501377,56.48,INR
WIOK16138830187930,JQHT70618406384953,1093.46,INR
XMPN89422364138594,AGXV93344469613994,1160.83,AUD
ZZOT38576788426871,YTHX60868671745532,387.28,MAD
FAVD63185063582956,JEAO77324465814378,153.37,YER
NDTS64425996582753,ZIQJ67765703348618,206.7,USD
ITFZ74454757754233,HBLH72414402729817,791.92,MAD
MJPN80442380790389,KOKZ43876594439362,279.91,AUD
RBVF50721357102891,DTVJ99178494580818,584.93,EUR
NETQ41241183750431,KTAU72534133039708,154.63,USD
SWXQ75449931857275,SOEW46523608166780,627.94,AUD
LOEQ83153424604624,CJOB30679930135671,1001.61,AUD
ZLKK19388286793552,GWJS23213040380768,396.32,USD
GTKI51074187216325,MSOQ11612566691008,186.3,MAD
WEOC06720005379633,AUUJ12461387021948,984.54,EUR
UZEL54640581189148,PYHD56355214612598,618.32,BTC
HIXC31618688633382,FFQZ34383976057462,258.36,CNY
UULE40345846517833,QZGS06813745798293,652.62,EUR
CCPQ39691810616816,BIMA37358081174318,141.4,AUD
NYTA87506462551988,GHIH05742146489370,456.9,AUD
PFMR30288720174946,GIDC33119914063954,1125.22,AUD
SNFY05742955098915,KXGN56565398014159,373.26,INR
WGQT82849799759043,LCZM82226354761856,321.79,CAD
DIRZ36417345110923,WWTM45213334708567,910.11,CAD
BFKN59060938670058,KTOE45204409282276,255.51,EUR
AVUJ31114816349461,NFMI87305098607088,526.23,CNY
XTLK11142592975895,RUBR13569526106956,1190.42,CNY
JTVI18733593001093,JMZG03332310190283,1001.92,CAD
BRLF59455599297980,RGOF21531190592083,1013.78,INR
DDJV02129723344382,ACGM60092997461820,867.1,YER
ZTJM42630840419690,XDLF11137361290482,570.46,MAD
JKPG71757550943159,JYDB29948991551318,580.55,CAD
QFDJ33864991374317,BXEK15884601428471,83.62,CNY
ZATR02395967383075,VDYL97187439641889,1024.43,CAD
DCZY80141576652420,AHDZ89444829398712,71.3,BTC
LHUD48713519136625,KXDM65902839107820,1157.07,AUD
UQUK11081582561673,APFU70816776520527,936.11,AUD
TKXB11699510445711,FPUH47055819060209,372.13,USD
ORBS16690807799527,XGOF37443449345806,983.69,CAD
KKQC39744688192031,WHXH62002055791079,56.62,USD
SSXH19416057344914,ZBDS86704105180917,478.58,JPY
ZBFC96249165991417,QTXQ49491824318585,490.7,YER
UGMZ01162494741273,AIFR88745395413000,370.6,JPY
JZRO17676561377560,XTLV65122298478576,526.97,YER
JQNT67233827563299,GOHZ73809296198779,322.79,USD
HLQI82912200139400,YMBN54781285741069,182.76,USD
DQTO26891214786470,JLOF70318678478541,125.54,YER
SFPS66433812626416,ZVRB21536982180064,654.11,CNY
CYNT30848817456285,MQBJ51793847916201,791.2,YER
LTFY04782514159760,BZOT67416123252341,193.45,JPY
SCFB81676628095048,UPAA36537642572640,922.41,YER
EKJZ06604210139403,WFMN08569611546406,926.28,YER
HYFM65527055420258,FALM98462905144733,439.66,CAD
ECXH25528042261844,FMNB57013430532837,363.34,CAD
ZCUY54808404988834,ETXI26642745231249,90.0,JPY
JRND23220436760450,RVEQ60657027916118,1042.88,USD
NAUD98611955530540,BTJA62390894610540,565.79,INR
